id,family,n,precision,selected,correct,oracle,reference_correct,selection_changed
f0-01,0,1,native,41,False,False,False,False
f0-02,0,1,native,45,False,False,False,False
f0-04,0,1,native,57,True,True,True,False
f0-05,0,1,native,78,False,False,False,False
f0-07,0,1,native,13,False,False,False,False
f0-08,0,1,native,48,False,False,False,False
f0-10,0,1,native,73,False,False,False,False
f0-11,0,1,native,-7,False,False,False,False
f0-13,0,1,native,40,False,False,False,False
f0-14,0,1,native,54,False,False,False,False
f0-16,0,1,native,79,False,False,False,False
f0-17,0,1,native,14,False,False,False,False
f0-19,0,1,native,104,False,False,False,False
f0-20,0,1,native,64,False,False,False,False
f0-22,0,1,native,45,False,False,False,False
f0-23,0,1,native,16,False,False,False,False
f0-25,0,1,native,35,False,False,False,False
f0-26,0,1,native,26,False,False,False,False
f0-28,0,1,native,41,False,False,False,False
f0-29,0,1,native,49,False,False,False,False
f1-01,1,1,native,650,False,False,False,False
f1-02,1,1,native,506,False,False,False,False
f1-04,1,1,native,124,False,False,False,False
f1-05,1,1,native,215,False,False,False,False
f1-07,1,1,native,730,False,False,False,False
f1-08,1,1,native,422,False,False,False,False
f1-10,1,1,native,265,False,False,False,False
f1-11,1,1,native,42,False,False,False,False
f1-13,1,1,native,517,False,False,False,False
f1-14,1,1,native,1255,False,False,False,False
f1-16,1,1,native,377,False,False,False,False
f1-17,1,1,native,1211,False,False,False,False
f1-19,1,1,native,738,False,False,False,False
f1-20,1,1,native,164,False,False,False,False
f1-22,1,1,native,579,False,False,False,False
f1-23,1,1,native,310,False,False,False,False
f1-25,1,1,native,131,False,False,False,False
f1-26,1,1,native,337,False,False,False,False
f1-28,1,1,native,412,False,False,False,False
f1-29,1,1,native,805,False,False,False,False
f2-01,2,1,native,831,False,False,False,False
f2-02,2,1,native,736,False,False,False,False
f2-04,2,1,native,704,False,False,False,False
f2-05,2,1,native,724,False,False,False,False
f2-07,2,1,native,600,False,False,False,False
f2-08,2,1,native,127,False,False,False,False
f2-10,2,1,native,294,False,False,False,False
f2-11,2,1,native,1254,False,False,False,False
f2-13,2,1,native,1616,False,False,False,False
f2-14,2,1,native,802,False,False,False,False
f2-16,2,1,native,1313,False,False,False,False
f2-17,2,1,native,183,False,False,False,False
f2-19,2,1,native,359,False,False,False,False
f2-20,2,1,native,566,False,False,False,False
f2-22,2,1,native,694,False,False,False,False
f2-23,2,1,native,368,False,False,False,False
f2-25,2,1,native,157,False,False,False,False
f2-26,2,1,native,1428,False,False,False,False
f2-28,2,1,native,1988,False,False,False,False
f2-29,2,1,native,280,True,True,True,False
f3-01,3,1,native,474,False,False,False,False
f3-02,3,1,native,57,False,False,False,False
f3-04,3,1,native,96,False,False,False,False
f3-05,3,1,native,-1,False,False,False,False
f3-07,3,1,native,305,True,True,True,False
f3-08,3,1,native,386,False,False,False,False
f3-10,3,1,native,376,False,False,False,False
f3-11,3,1,native,204,False,False,False,False
f3-13,3,1,native,-1,False,False,False,False
f3-14,3,1,native,335,False,False,False,False
f3-16,3,1,native,292,False,False,False,False
f3-17,3,1,native,974,False,False,False,False
f3-19,3,1,native,154,False,False,False,False
f3-20,3,1,native,502,False,False,False,False
f3-22,3,1,native,579,False,False,False,False
f3-23,3,1,native,665,False,False,False,False
f3-25,3,1,native,115,False,False,False,False
f3-26,3,1,native,106,False,False,False,False
f3-28,3,1,native,225,False,False,False,False
f3-29,3,1,native,92,False,False,False,False
f0-01,0,1,8,41,False,False,False,False
f0-02,0,1,8,45,False,False,False,False
f0-04,0,1,8,57,True,True,True,False
f0-05,0,1,8,78,False,False,False,False
f0-07,0,1,8,13,False,False,False,False
f0-08,0,1,8,48,False,False,False,False
f0-10,0,1,8,73,False,False,False,False
f0-11,0,1,8,-7,False,False,False,False
f0-13,0,1,8,40,False,False,False,False
f0-14,0,1,8,54,False,False,False,False
f0-16,0,1,8,79,False,False,False,False
f0-17,0,1,8,14,False,False,False,False
f0-19,0,1,8,104,False,False,False,False
f0-20,0,1,8,64,False,False,False,False
f0-22,0,1,8,45,False,False,False,False
f0-23,0,1,8,16,False,False,False,False
f0-25,0,1,8,35,False,False,False,False
f0-26,0,1,8,26,False,False,False,False
f0-28,0,1,8,41,False,False,False,False
f0-29,0,1,8,49,False,False,False,False
f1-01,1,1,8,650,False,False,False,False
f1-02,1,1,8,506,False,False,False,False
f1-04,1,1,8,124,False,False,False,False
f1-05,1,1,8,215,False,False,False,False
f1-07,1,1,8,730,False,False,False,False
f1-08,1,1,8,422,False,False,False,False
f1-10,1,1,8,265,False,False,False,False
f1-11,1,1,8,42,False,False,False,False
f1-13,1,1,8,517,False,False,False,False
f1-14,1,1,8,1255,False,False,False,False
f1-16,1,1,8,377,False,False,False,False
f1-17,1,1,8,1211,False,False,False,False
f1-19,1,1,8,738,False,False,False,False
f1-20,1,1,8,164,False,False,False,False
f1-22,1,1,8,579,False,False,False,False
f1-23,1,1,8,310,False,False,False,False
f1-25,1,1,8,131,False,False,False,False
f1-26,1,1,8,337,False,False,False,False
f1-28,1,1,8,412,False,False,False,False
f1-29,1,1,8,805,False,False,False,False
f2-01,2,1,8,831,False,False,False,False
f2-02,2,1,8,736,False,False,False,False
f2-04,2,1,8,704,False,False,False,False
f2-05,2,1,8,724,False,False,False,False
f2-07,2,1,8,600,False,False,False,False
f2-08,2,1,8,127,False,False,False,False
f2-10,2,1,8,294,False,False,False,False
f2-11,2,1,8,1254,False,False,False,False
f2-13,2,1,8,1616,False,False,False,False
f2-14,2,1,8,802,False,False,False,False
f2-16,2,1,8,1313,False,False,False,False
f2-17,2,1,8,183,False,False,False,False
f2-19,2,1,8,359,False,False,False,False
f2-20,2,1,8,566,False,False,False,False
f2-22,2,1,8,694,False,False,False,False
f2-23,2,1,8,368,False,False,False,False
f2-25,2,1,8,157,False,False,False,False
f2-26,2,1,8,1428,False,False,False,False
f2-28,2,1,8,1988,False,False,False,False
f2-29,2,1,8,280,True,True,True,False
f3-01,3,1,8,474,False,False,False,False
f3-02,3,1,8,57,False,False,False,False
f3-04,3,1,8,96,False,False,False,False
f3-05,3,1,8,-1,False,False,False,False
f3-07,3,1,8,305,True,True,True,False
f3-08,3,1,8,386,False,False,False,False
f3-10,3,1,8,376,False,False,False,False
f3-11,3,1,8,204,False,False,False,False
f3-13,3,1,8,-1,False,False,False,False
f3-14,3,1,8,335,False,False,False,False
f3-16,3,1,8,292,False,False,False,False
f3-17,3,1,8,974,False,False,False,False
f3-19,3,1,8,154,False,False,False,False
f3-20,3,1,8,502,False,False,False,False
f3-22,3,1,8,579,False,False,False,False
f3-23,3,1,8,665,False,False,False,False
f3-25,3,1,8,115,False,False,False,False
f3-26,3,1,8,106,False,False,False,False
f3-28,3,1,8,225,False,False,False,False
f3-29,3,1,8,92,False,False,False,False
f0-01,0,1,4,41,False,False,False,False
f0-02,0,1,4,45,False,False,False,False
f0-04,0,1,4,57,True,True,True,False
f0-05,0,1,4,78,False,False,False,False
f0-07,0,1,4,13,False,False,False,False
f0-08,0,1,4,48,False,False,False,False
f0-10,0,1,4,73,False,False,False,False
f0-11,0,1,4,-7,False,False,False,False
f0-13,0,1,4,40,False,False,False,False
f0-14,0,1,4,54,False,False,False,False
f0-16,0,1,4,79,False,False,False,False
f0-17,0,1,4,14,False,False,False,False
f0-19,0,1,4,104,False,False,False,False
f0-20,0,1,4,64,False,False,False,False
f0-22,0,1,4,45,False,False,False,False
f0-23,0,1,4,16,False,False,False,False
f0-25,0,1,4,35,False,False,False,False
f0-26,0,1,4,26,False,False,False,False
f0-28,0,1,4,41,False,False,False,False
f0-29,0,1,4,49,False,False,False,False
f1-01,1,1,4,650,False,False,False,False
f1-02,1,1,4,506,False,False,False,False
f1-04,1,1,4,124,False,False,False,False
f1-05,1,1,4,215,False,False,False,False
f1-07,1,1,4,730,False,False,False,False
f1-08,1,1,4,422,False,False,False,False
f1-10,1,1,4,265,False,False,False,False
f1-11,1,1,4,42,False,False,False,False
f1-13,1,1,4,517,False,False,False,False
f1-14,1,1,4,1255,False,False,False,False
f1-16,1,1,4,377,False,False,False,False
f1-17,1,1,4,1211,False,False,False,False
f1-19,1,1,4,738,False,False,False,False
f1-20,1,1,4,164,False,False,False,False
f1-22,1,1,4,579,False,False,False,False
f1-23,1,1,4,310,False,False,False,False
f1-25,1,1,4,131,False,False,False,False
f1-26,1,1,4,337,False,False,False,False
f1-28,1,1,4,412,False,False,False,False
f1-29,1,1,4,805,False,False,False,False
f2-01,2,1,4,831,False,False,False,False
f2-02,2,1,4,736,False,False,False,False
f2-04,2,1,4,704,False,False,False,False
f2-05,2,1,4,724,False,False,False,False
f2-07,2,1,4,600,False,False,False,False
f2-08,2,1,4,127,False,False,False,False
f2-10,2,1,4,294,False,False,False,False
f2-11,2,1,4,1254,False,False,False,False
f2-13,2,1,4,1616,False,False,False,False
f2-14,2,1,4,802,False,False,False,False
f2-16,2,1,4,1313,False,False,False,False
f2-17,2,1,4,183,False,False,False,False
f2-19,2,1,4,359,False,False,False,False
f2-20,2,1,4,566,False,False,False,False
f2-22,2,1,4,694,False,False,False,False
f2-23,2,1,4,368,False,False,False,False
f2-25,2,1,4,157,False,False,False,False
f2-26,2,1,4,1428,False,False,False,False
f2-28,2,1,4,1988,False,False,False,False
f2-29,2,1,4,280,True,True,True,False
f3-01,3,1,4,474,False,False,False,False
f3-02,3,1,4,57,False,False,False,False
f3-04,3,1,4,96,False,False,False,False
f3-05,3,1,4,-1,False,False,False,False
f3-07,3,1,4,305,True,True,True,False
f3-08,3,1,4,386,False,False,False,False
f3-10,3,1,4,376,False,False,False,False
f3-11,3,1,4,204,False,False,False,False
f3-13,3,1,4,-1,False,False,False,False
f3-14,3,1,4,335,False,False,False,False
f3-16,3,1,4,292,False,False,False,False
f3-17,3,1,4,974,False,False,False,False
f3-19,3,1,4,154,False,False,False,False
f3-20,3,1,4,502,False,False,False,False
f3-22,3,1,4,579,False,False,False,False
f3-23,3,1,4,665,False,False,False,False
f3-25,3,1,4,115,False,False,False,False
f3-26,3,1,4,106,False,False,False,False
f3-28,3,1,4,225,False,False,False,False
f3-29,3,1,4,92,False,False,False,False
f0-01,0,2,native,38,True,True,True,False
f0-02,0,2,native,45,False,False,False,False
f0-04,0,2,native,57,True,True,True,False
f0-05,0,2,native,69,False,False,False,False
f0-07,0,2,native,44,False,False,False,False
f0-08,0,2,native,48,False,False,False,False
f0-10,0,2,native,73,False,False,False,False
f0-11,0,2,native,-7,False,False,False,False
f0-13,0,2,native,46,False,False,False,False
f0-14,0,2,native,58,False,False,False,False
f0-16,0,2,native,79,False,False,False,False
f0-17,0,2,native,35,False,False,False,False
f0-19,0,2,native,54,False,False,False,False
f0-20,0,2,native,38,False,False,False,False
f0-22,0,2,native,45,False,False,False,False
f0-23,0,2,native,16,False,False,False,False
f0-25,0,2,native,13,True,True,True,False
f0-26,0,2,native,62,False,False,False,False
f0-28,0,2,native,53,False,False,False,False
f0-29,0,2,native,39,False,False,False,False
f1-01,1,2,native,650,False,False,False,False
f1-02,1,2,native,506,False,False,False,False
f1-04,1,2,native,83,False,False,False,False
f1-05,1,2,native,215,False,False,False,False
f1-07,1,2,native,738,False,False,False,False
f1-08,1,2,native,442,False,False,False,False
f1-10,1,2,native,266,True,True,True,False
f1-11,1,2,native,42,False,False,False,False
f1-13,1,2,native,517,False,False,False,False
f1-14,1,2,native,1226,False,False,False,False
f1-16,1,2,native,377,False,False,False,False
f1-17,1,2,native,1242,False,False,False,False
f1-19,1,2,native,730,False,False,False,False
f1-20,1,2,native,164,False,False,False,False
f1-22,1,2,native,572,False,False,False,False
f1-23,1,2,native,310,False,False,False,False
f1-25,1,2,native,131,False,False,False,False
f1-26,1,2,native,361,False,False,False,False
f1-28,1,2,native,372,False,False,False,False
f1-29,1,2,native,789,False,False,False,False
f2-01,2,2,native,831,False,False,False,False
f2-02,2,2,native,736,False,False,False,False
f2-04,2,2,native,715,False,False,False,False
f2-05,2,2,native,760,False,False,False,False
f2-07,2,2,native,605,False,False,False,False
f2-08,2,2,native,128,True,True,True,False
f2-10,2,2,native,294,False,False,False,False
f2-11,2,2,native,1197,False,False,False,False
f2-13,2,2,native,1610,False,False,False,False
f2-14,2,2,native,785,False,False,False,False
f2-16,2,2,native,1335,False,False,False,False
f2-17,2,2,native,183,False,False,False,False
f2-19,2,2,native,359,False,False,False,False
f2-20,2,2,native,566,False,False,False,False
f2-22,2,2,native,732,False,False,False,False
f2-23,2,2,native,342,True,True,True,False
f2-25,2,2,native,103,False,False,False,False
f2-26,2,2,native,1441,False,False,False,False
f2-28,2,2,native,2003,False,False,False,False
f2-29,2,2,native,280,True,True,True,False
f3-01,3,2,native,474,False,False,False,False
f3-02,3,2,native,57,False,False,False,False
f3-04,3,2,native,124,False,False,False,False
f3-05,3,2,native,-1,False,False,False,False
f3-07,3,2,native,305,True,True,True,False
f3-08,3,2,native,386,False,False,False,False
f3-10,3,2,native,376,False,False,False,False
f3-11,3,2,native,175,False,False,False,False
f3-13,3,2,native,-1,False,False,False,False
f3-14,3,2,native,335,False,False,False,False
f3-16,3,2,native,317,True,True,True,False
f3-17,3,2,native,979,False,False,False,False
f3-19,3,2,native,154,False,True,False,False
f3-20,3,2,native,502,False,False,False,False
f3-22,3,2,native,551,False,False,False,False
f3-23,3,2,native,665,False,False,False,False
f3-25,3,2,native,150,False,False,False,False
f3-26,3,2,native,115,False,False,False,False
f3-28,3,2,native,266,False,False,False,False
f3-29,3,2,native,92,False,False,False,False
f0-01,0,2,8,41,False,True,True,True
f0-02,0,2,8,45,False,False,False,False
f0-04,0,2,8,57,True,True,True,False
f0-05,0,2,8,69,False,False,False,False
f0-07,0,2,8,44,False,False,False,False
f0-08,0,2,8,48,False,False,False,False
f0-10,0,2,8,73,False,False,False,False
f0-11,0,2,8,-7,False,False,False,False
f0-13,0,2,8,46,False,False,False,False
f0-14,0,2,8,58,False,False,False,False
f0-16,0,2,8,79,False,False,False,False
f0-17,0,2,8,35,False,False,False,False
f0-19,0,2,8,54,False,False,False,False
f0-20,0,2,8,38,False,False,False,False
f0-22,0,2,8,45,False,False,False,False
f0-23,0,2,8,16,False,False,False,False
f0-25,0,2,8,13,True,True,True,False
f0-26,0,2,8,62,False,False,False,False
f0-28,0,2,8,53,False,False,False,False
f0-29,0,2,8,39,False,False,False,False
f1-01,1,2,8,650,False,False,False,False
f1-02,1,2,8,506,False,False,False,False
f1-04,1,2,8,83,False,False,False,False
f1-05,1,2,8,215,False,False,False,False
f1-07,1,2,8,738,False,False,False,False
f1-08,1,2,8,442,False,False,False,False
f1-10,1,2,8,266,True,True,True,False
f1-11,1,2,8,42,False,False,False,False
f1-13,1,2,8,517,False,False,False,False
f1-14,1,2,8,1226,False,False,False,False
f1-16,1,2,8,377,False,False,False,False
f1-17,1,2,8,1242,False,False,False,False
f1-19,1,2,8,730,False,False,False,False
f1-20,1,2,8,164,False,False,False,False
f1-22,1,2,8,579,False,False,False,True
f1-23,1,2,8,310,False,False,False,False
f1-25,1,2,8,131,False,False,False,False
f1-26,1,2,8,361,False,False,False,False
f1-28,1,2,8,372,False,False,False,False
f1-29,1,2,8,789,False,False,False,False
f2-01,2,2,8,831,False,False,False,False
f2-02,2,2,8,736,False,False,False,False
f2-04,2,2,8,715,False,False,False,False
f2-05,2,2,8,760,False,False,False,False
f2-07,2,2,8,605,False,False,False,False
f2-08,2,2,8,128,True,True,True,False
f2-10,2,2,8,294,False,False,False,False
f2-11,2,2,8,1197,False,False,False,False
f2-13,2,2,8,1616,False,False,False,True
f2-14,2,2,8,785,False,False,False,False
f2-16,2,2,8,1335,False,False,False,False
f2-17,2,2,8,183,False,False,False,False
f2-19,2,2,8,359,False,False,False,False
f2-20,2,2,8,566,False,False,False,False
f2-22,2,2,8,732,False,False,False,False
f2-23,2,2,8,342,True,True,True,False
f2-25,2,2,8,103,False,False,False,False
f2-26,2,2,8,1441,False,False,False,False
f2-28,2,2,8,2003,False,False,False,False
f2-29,2,2,8,280,True,True,True,False
f3-01,3,2,8,474,False,False,False,False
f3-02,3,2,8,57,False,False,False,False
f3-04,3,2,8,124,False,False,False,False
f3-05,3,2,8,-1,False,False,False,False
f3-07,3,2,8,305,True,True,True,False
f3-08,3,2,8,386,False,False,False,False
f3-10,3,2,8,376,False,False,False,False
f3-11,3,2,8,175,False,False,False,False
f3-13,3,2,8,-1,False,False,False,False
f3-14,3,2,8,335,False,False,False,False
f3-16,3,2,8,317,True,True,True,False
f3-17,3,2,8,979,False,False,False,False
f3-19,3,2,8,154,False,True,False,False
f3-20,3,2,8,502,False,False,False,False
f3-22,3,2,8,551,False,False,False,False
f3-23,3,2,8,665,False,False,False,False
f3-25,3,2,8,150,False,False,False,False
f3-26,3,2,8,115,False,False,False,False
f3-28,3,2,8,266,False,False,False,False
f3-29,3,2,8,92,False,False,False,False
f0-01,0,2,4,41,False,True,True,True
f0-02,0,2,4,45,False,False,False,False
f0-04,0,2,4,57,True,True,True,False
f0-05,0,2,4,69,False,False,False,False
f0-07,0,2,4,44,False,False,False,False
f0-08,0,2,4,48,False,False,False,False
f0-10,0,2,4,73,False,False,False,False
f0-11,0,2,4,0,False,False,False,True
f0-13,0,2,4,46,False,False,False,False
f0-14,0,2,4,58,False,False,False,False
f0-16,0,2,4,79,False,False,False,False
f0-17,0,2,4,35,False,False,False,False
f0-19,0,2,4,54,False,False,False,False
f0-20,0,2,4,38,False,False,False,False
f0-22,0,2,4,45,False,False,False,False
f0-23,0,2,4,1,False,False,False,True
f0-25,0,2,4,13,True,True,True,False
f0-26,0,2,4,62,False,False,False,False
f0-28,0,2,4,53,False,False,False,False
f0-29,0,2,4,39,False,False,False,False
f1-01,1,2,4,650,False,False,False,False
f1-02,1,2,4,506,False,False,False,False
f1-04,1,2,4,83,False,False,False,False
f1-05,1,2,4,215,False,False,False,False
f1-07,1,2,4,738,False,False,False,False
f1-08,1,2,4,442,False,False,False,False
f1-10,1,2,4,265,False,True,True,True
f1-11,1,2,4,42,False,False,False,False
f1-13,1,2,4,517,False,False,False,False
f1-14,1,2,4,1226,False,False,False,False
f1-16,1,2,4,377,False,False,False,False
f1-17,1,2,4,1242,False,False,False,False
f1-19,1,2,4,730,False,False,False,False
f1-20,1,2,4,164,False,False,False,False
f1-22,1,2,4,579,False,False,False,True
f1-23,1,2,4,310,False,False,False,False
f1-25,1,2,4,131,False,False,False,False
f1-26,1,2,4,361,False,False,False,False
f1-28,1,2,4,372,False,False,False,False
f1-29,1,2,4,805,False,False,False,True
f2-01,2,2,4,831,False,False,False,False
f2-02,2,2,4,706,False,False,False,True
f2-04,2,2,4,715,False,False,False,False
f2-05,2,2,4,724,False,False,False,True
f2-07,2,2,4,605,False,False,False,False
f2-08,2,2,4,127,False,True,True,True
f2-10,2,2,4,294,False,False,False,False
f2-11,2,2,4,1197,False,False,False,False
f2-13,2,2,4,1616,False,False,False,True
f2-14,2,2,4,785,False,False,False,False
f2-16,2,2,4,1335,False,False,False,False
f2-17,2,2,4,183,False,False,False,False
f2-19,2,2,4,359,False,False,False,False
f2-20,2,2,4,602,False,False,False,True
f2-22,2,2,4,732,False,False,False,False
f2-23,2,2,4,342,True,True,True,False
f2-25,2,2,4,103,False,False,False,False
f2-26,2,2,4,1441,False,False,False,False
f2-28,2,2,4,2003,False,False,False,False
f2-29,2,2,4,263,False,True,True,True
f3-01,3,2,4,478,False,False,False,True
f3-02,3,2,4,57,False,False,False,False
f3-04,3,2,4,96,False,False,False,True
f3-05,3,2,4,-1,False,False,False,False
f3-07,3,2,4,305,True,True,True,False
f3-08,3,2,4,386,False,False,False,False
f3-10,3,2,4,376,False,False,False,False
f3-11,3,2,4,175,False,False,False,False
f3-13,3,2,4,-1,False,False,False,False
f3-14,3,2,4,335,False,False,False,False
f3-16,3,2,4,317,True,True,True,False
f3-17,3,2,4,979,False,False,False,False
f3-19,3,2,4,154,False,True,False,False
f3-20,3,2,4,502,False,False,False,False
f3-22,3,2,4,551,False,False,False,False
f3-23,3,2,4,665,False,False,False,False
f3-25,3,2,4,115,False,False,False,True
f3-26,3,2,4,106,False,False,False,True
f3-28,3,2,4,266,False,False,False,False
f3-29,3,2,4,92,False,False,False,False
f0-01,0,4,native,38,True,True,True,False
f0-02,0,4,native,55,False,False,False,False
f0-04,0,4,native,55,False,True,False,False
f0-05,0,4,native,52,False,False,False,False
f0-07,0,4,native,44,False,False,False,False
f0-08,0,4,native,48,False,False,False,False
f0-10,0,4,native,73,False,False,False,False
f0-11,0,4,native,45,False,False,False,False
f0-13,0,4,native,46,False,False,False,False
f0-14,0,4,native,58,False,True,False,False
f0-16,0,4,native,41,False,False,False,False
f0-17,0,4,native,35,False,False,False,False
f0-19,0,4,native,54,False,False,False,False
f0-20,0,4,native,38,False,False,False,False
f0-22,0,4,native,45,False,False,False,False
f0-23,0,4,native,33,False,False,False,False
f0-25,0,4,native,13,True,True,True,False
f0-26,0,4,native,62,False,False,False,False
f0-28,0,4,native,53,False,False,False,False
f0-29,0,4,native,39,False,False,False,False
f1-01,1,4,native,658,False,False,False,False
f1-02,1,4,native,477,False,False,False,False
f1-04,1,4,native,105,True,True,True,False
f1-05,1,4,native,247,False,False,False,False
f1-07,1,4,native,738,False,False,False,False
f1-08,1,4,native,442,False,False,False,False
f1-10,1,4,native,282,False,True,False,False
f1-11,1,4,native,21,True,True,True,False
f1-13,1,4,native,484,False,False,False,False
f1-14,1,4,native,1226,False,False,False,False
f1-16,1,4,native,377,False,False,False,False
f1-17,1,4,native,1242,False,False,False,False
f1-19,1,4,native,730,False,False,False,False
f1-20,1,4,native,122,False,False,False,False
f1-22,1,4,native,595,False,False,False,False
f1-23,1,4,native,288,False,False,False,False
f1-25,1,4,native,85,False,False,False,False
f1-26,1,4,native,361,False,False,False,False
f1-28,1,4,native,372,False,False,False,False
f1-29,1,4,native,793,False,False,False,False
f2-01,2,4,native,840,False,False,False,False
f2-02,2,4,native,748,False,False,False,False
f2-04,2,4,native,715,False,False,False,False
f2-05,2,4,native,744,True,True,True,False
f2-07,2,4,native,605,False,False,False,False
f2-08,2,4,native,144,False,True,False,False
f2-10,2,4,native,294,False,False,False,False
f2-11,2,4,native,1197,False,True,False,False
f2-13,2,4,native,1610,False,False,False,False
f2-14,2,4,native,772,False,False,False,False
f2-16,2,4,native,1282,False,False,False,False
f2-17,2,4,native,160,False,False,False,False
f2-19,2,4,native,351,False,False,False,False
f2-20,2,4,native,596,False,False,False,False
f2-22,2,4,native,732,False,True,False,False
f2-23,2,4,native,342,True,True,True,False
f2-25,2,4,native,103,False,False,False,False
f2-26,2,4,native,1452,False,False,False,False
f2-28,2,4,native,1992,False,False,False,False
f2-29,2,4,native,280,True,True,True,False
f3-01,3,4,native,481,True,True,True,False
f3-02,3,4,native,57,False,False,False,False
f3-04,3,4,native,107,True,True,True,False
f3-05,3,4,native,-1,False,False,False,False
f3-07,3,4,native,291,False,True,False,False
f3-08,3,4,native,386,False,False,False,False
f3-10,3,4,native,376,False,False,False,False
f3-11,3,4,native,188,False,False,False,False
f3-13,3,4,native,-1,False,False,False,False
f3-14,3,4,native,335,False,False,False,False
f3-16,3,4,native,287,False,True,False,False
f3-17,3,4,native,979,False,False,False,False
f3-19,3,4,native,115,False,True,False,False
f3-20,3,4,native,553,False,False,False,False
f3-22,3,4,native,551,False,False,False,False
f3-23,3,4,native,665,False,True,False,False
f3-25,3,4,native,150,False,False,False,False
f3-26,3,4,native,74,False,False,False,False
f3-28,3,4,native,259,False,False,False,False
f3-29,3,4,native,92,False,False,False,False
f0-01,0,4,8,41,False,True,True,True
f0-02,0,4,8,55,False,False,False,False
f0-04,0,4,8,55,False,True,False,False
f0-05,0,4,8,52,False,False,False,False
f0-07,0,4,8,44,False,False,False,False
f0-08,0,4,8,48,False,False,False,False
f0-10,0,4,8,73,False,False,False,False
f0-11,0,4,8,45,False,False,False,False
f0-13,0,4,8,46,False,False,False,False
f0-14,0,4,8,58,False,True,False,False
f0-16,0,4,8,79,False,False,False,True
f0-17,0,4,8,35,False,False,False,False
f0-19,0,4,8,54,False,False,False,False
f0-20,0,4,8,38,False,False,False,False
f0-22,0,4,8,45,False,False,False,False
f0-23,0,4,8,33,False,False,False,False
f0-25,0,4,8,13,True,True,True,False
f0-26,0,4,8,62,False,False,False,False
f0-28,0,4,8,53,False,False,False,False
f0-29,0,4,8,39,False,False,False,False
f1-01,1,4,8,658,False,False,False,False
f1-02,1,4,8,477,False,False,False,False
f1-04,1,4,8,105,True,True,True,False
f1-05,1,4,8,247,False,False,False,False
f1-07,1,4,8,738,False,False,False,False
f1-08,1,4,8,442,False,False,False,False
f1-10,1,4,8,282,False,True,False,False
f1-11,1,4,8,21,True,True,True,False
f1-13,1,4,8,484,False,False,False,False
f1-14,1,4,8,1226,False,False,False,False
f1-16,1,4,8,377,False,False,False,False
f1-17,1,4,8,1242,False,False,False,False
f1-19,1,4,8,730,False,False,False,False
f1-20,1,4,8,122,False,False,False,False
f1-22,1,4,8,595,False,False,False,False
f1-23,1,4,8,288,False,False,False,False
f1-25,1,4,8,85,False,False,False,False
f1-26,1,4,8,361,False,False,False,False
f1-28,1,4,8,372,False,False,False,False
f1-29,1,4,8,793,False,False,False,False
f2-01,2,4,8,831,False,False,False,True
f2-02,2,4,8,748,False,False,False,False
f2-04,2,4,8,715,False,False,False,False
f2-05,2,4,8,744,True,True,True,False
f2-07,2,4,8,605,False,False,False,False
f2-08,2,4,8,144,False,True,False,False
f2-10,2,4,8,294,False,False,False,False
f2-11,2,4,8,1197,False,True,False,False
f2-13,2,4,8,1616,False,False,False,True
f2-14,2,4,8,772,False,False,False,False
f2-16,2,4,8,1282,False,False,False,False
f2-17,2,4,8,160,False,False,False,False
f2-19,2,4,8,351,False,False,False,False
f2-20,2,4,8,596,False,False,False,False
f2-22,2,4,8,732,False,True,False,False
f2-23,2,4,8,342,True,True,True,False
f2-25,2,4,8,103,False,False,False,False
f2-26,2,4,8,1452,False,False,False,False
f2-28,2,4,8,1992,False,False,False,False
f2-29,2,4,8,280,True,True,True,False
f3-01,3,4,8,481,True,True,True,False
f3-02,3,4,8,57,False,False,False,False
f3-04,3,4,8,107,True,True,True,False
f3-05,3,4,8,-1,False,False,False,False
f3-07,3,4,8,291,False,True,False,False
f3-08,3,4,8,386,False,False,False,False
f3-10,3,4,8,376,False,False,False,False
f3-11,3,4,8,188,False,False,False,False
f3-13,3,4,8,-1,False,False,False,False
f3-14,3,4,8,335,False,False,False,False
f3-16,3,4,8,287,False,True,False,False
f3-17,3,4,8,979,False,False,False,False
f3-19,3,4,8,115,False,True,False,False
f3-20,3,4,8,553,False,False,False,False
f3-22,3,4,8,551,False,False,False,False
f3-23,3,4,8,665,False,True,False,False
f3-25,3,4,8,150,False,False,False,False
f3-26,3,4,8,74,False,False,False,False
f3-28,3,4,8,259,False,False,False,False
f3-29,3,4,8,92,False,False,False,False
f0-01,0,4,4,41,False,True,True,True
f0-02,0,4,4,55,False,False,False,False
f0-04,0,4,4,57,True,True,False,True
f0-05,0,4,4,52,False,False,False,False
f0-07,0,4,4,44,False,False,False,False
f0-08,0,4,4,48,False,False,False,False
f0-10,0,4,4,73,False,False,False,False
f0-11,0,4,4,45,False,False,False,False
f0-13,0,4,4,66,False,False,False,True
f0-14,0,4,4,58,False,True,False,False
f0-16,0,4,4,79,False,False,False,True
f0-17,0,4,4,35,False,False,False,False
f0-19,0,4,4,45,False,False,False,True
f0-20,0,4,4,38,False,False,False,False
f0-22,0,4,4,45,False,False,False,False
f0-23,0,4,4,33,False,False,False,False
f0-25,0,4,4,13,True,True,True,False
f0-26,0,4,4,62,False,False,False,False
f0-28,0,4,4,53,False,False,False,False
f0-29,0,4,4,39,False,False,False,False
f1-01,1,4,4,658,False,False,False,False
f1-02,1,4,4,477,False,False,False,False
f1-04,1,4,4,105,True,True,True,False
f1-05,1,4,4,247,False,False,False,False
f1-07,1,4,4,738,False,False,False,False
f1-08,1,4,4,442,False,False,False,False
f1-10,1,4,4,265,False,True,False,True
f1-11,1,4,4,21,True,True,True,False
f1-13,1,4,4,484,False,False,False,False
f1-14,1,4,4,1262,False,False,False,True
f1-16,1,4,4,377,False,False,False,False
f1-17,1,4,4,1242,False,False,False,False
f1-19,1,4,4,730,False,False,False,False
f1-20,1,4,4,122,False,False,False,False
f1-22,1,4,4,595,False,False,False,False
f1-23,1,4,4,312,False,False,False,True
f1-25,1,4,4,85,False,False,False,False
f1-26,1,4,4,361,False,False,False,False
f1-28,1,4,4,372,False,False,False,False
f1-29,1,4,4,801,False,False,False,True
f2-01,2,4,4,831,False,False,False,True
f2-02,2,4,4,748,False,False,False,False
f2-04,2,4,4,715,False,False,False,False
f2-05,2,4,4,744,True,True,True,False
f2-07,2,4,4,605,False,False,False,False
f2-08,2,4,4,144,False,True,False,False
f2-10,2,4,4,294,False,False,False,False
f2-11,2,4,4,1197,False,True,False,False
f2-13,2,4,4,1616,False,False,False,True
f2-14,2,4,4,772,False,False,False,False
f2-16,2,4,4,1282,False,False,False,False
f2-17,2,4,4,160,False,False,False,False
f2-19,2,4,4,351,False,False,False,False
f2-20,2,4,4,596,False,False,False,False
f2-22,2,4,4,686,False,True,False,True
f2-23,2,4,4,342,True,True,True,False
f2-25,2,4,4,103,False,False,False,False
f2-26,2,4,4,1441,False,False,False,True
f2-28,2,4,4,1992,False,False,False,False
f2-29,2,4,4,263,False,True,True,True
f3-01,3,4,4,481,True,True,True,False
f3-02,3,4,4,54,False,False,False,True
f3-04,3,4,4,107,True,True,True,False
f3-05,3,4,4,-6,False,False,False,True
f3-07,3,4,4,305,True,True,False,True
f3-08,3,4,4,439,False,False,False,True
f3-10,3,4,4,376,False,False,False,False
f3-11,3,4,4,188,False,False,False,False
f3-13,3,4,4,-1,False,False,False,False
f3-14,3,4,4,362,False,False,False,True
f3-16,3,4,4,287,False,True,False,False
f3-17,3,4,4,979,False,False,False,False
f3-19,3,4,4,115,False,True,False,False
f3-20,3,4,4,553,False,False,False,False
f3-22,3,4,4,551,False,False,False,False
f3-23,3,4,4,685,False,True,False,True
f3-25,3,4,4,125,False,False,False,True
f3-26,3,4,4,74,False,False,False,False
f3-28,3,4,4,259,False,False,False,False
f3-29,3,4,4,92,False,False,False,False
f0-01,0,8,native,40,False,True,False,False
f0-02,0,8,native,55,False,False,False,False
f0-04,0,8,native,55,False,True,False,False
f0-05,0,8,native,52,False,True,False,False
f0-07,0,8,native,38,False,False,False,False
f0-08,0,8,native,48,False,False,False,False
f0-10,0,8,native,67,False,False,False,False
f0-11,0,8,native,22,False,False,False,False
f0-13,0,8,native,55,True,True,True,False
f0-14,0,8,native,56,False,True,False,False
f0-16,0,8,native,71,False,False,False,False
f0-17,0,8,native,35,False,True,False,False
f0-19,0,8,native,57,False,True,False,False
f0-20,0,8,native,38,False,True,False,False
f0-22,0,8,native,41,False,False,False,False
f0-23,0,8,native,33,False,True,False,False
f0-25,0,8,native,13,True,True,True,False
f0-26,0,8,native,60,False,True,False,False
f0-28,0,8,native,77,False,False,False,False
f0-29,0,8,native,31,True,True,True,False
f1-01,1,8,native,629,True,True,True,False
f1-02,1,8,native,477,False,False,False,False
f1-04,1,8,native,105,True,True,True,False
f1-05,1,8,native,227,False,True,False,False
f1-07,1,8,native,715,False,False,False,False
f1-08,1,8,native,410,False,False,False,False
f1-10,1,8,native,278,False,True,False,False
f1-11,1,8,native,21,True,True,True,False
f1-13,1,8,native,484,False,False,False,False
f1-14,1,8,native,1226,False,False,False,False
f1-16,1,8,native,355,False,False,False,False
f1-17,1,8,native,1208,False,False,False,False
f1-19,1,8,native,728,True,True,True,False
f1-20,1,8,native,122,False,True,False,False
f1-22,1,8,native,575,True,True,True,False
f1-23,1,8,native,288,False,False,False,False
f1-25,1,8,native,85,False,False,False,False
f1-26,1,8,native,342,False,False,False,False
f1-28,1,8,native,372,False,False,False,False
f1-29,1,8,native,772,False,False,False,False
f2-01,2,8,native,840,False,False,False,False
f2-02,2,8,native,748,False,False,False,False
f2-04,2,8,native,715,False,False,False,False
f2-05,2,8,native,744,True,True,True,False
f2-07,2,8,native,612,True,True,True,False
f2-08,2,8,native,144,False,True,False,False
f2-10,2,8,native,294,False,True,False,False
f2-11,2,8,native,1197,False,True,False,False
f2-13,2,8,native,1640,False,True,False,False
f2-14,2,8,native,762,False,False,False,False
f2-16,2,8,native,1292,False,False,False,False
f2-17,2,8,native,160,False,False,False,False
f2-19,2,8,native,330,True,True,True,False
f2-20,2,8,native,558,False,False,False,False
f2-22,2,8,native,732,False,True,False,False
f2-23,2,8,native,342,True,True,True,False
f2-25,2,8,native,130,True,True,True,False
f2-26,2,8,native,1452,False,False,False,False
f2-28,2,8,native,1961,False,False,False,False
f2-29,2,8,native,282,False,True,False,False
f3-01,3,8,native,495,False,True,False,False
f3-02,3,8,native,71,False,True,False,False
f3-04,3,8,native,107,True,True,True,False
f3-05,3,8,native,26,False,False,False,False
f3-07,3,8,native,299,False,True,False,False
f3-08,3,8,native,386,False,False,False,False
f3-10,3,8,native,376,False,False,False,False
f3-11,3,8,native,211,False,False,False,False
f3-13,3,8,native,-11,False,True,False,False
f3-14,3,8,native,372,False,False,False,False
f3-16,3,8,native,287,False,True,False,False
f3-17,3,8,native,979,False,False,False,False
f3-19,3,8,native,101,False,True,False,False
f3-20,3,8,native,553,False,False,False,False
f3-22,3,8,native,545,False,True,False,False
f3-23,3,8,native,665,False,True,False,False
f3-25,3,8,native,127,False,False,False,False
f3-26,3,8,native,74,False,False,False,False
f3-28,3,8,native,259,False,True,False,False
f3-29,3,8,native,77,False,False,False,False
f0-01,0,8,8,40,False,True,False,False
f0-02,0,8,8,55,False,False,False,False
f0-04,0,8,8,55,False,True,False,False
f0-05,0,8,8,52,False,True,False,False
f0-07,0,8,8,38,False,False,False,False
f0-08,0,8,8,48,False,False,False,False
f0-10,0,8,8,67,False,False,False,False
f0-11,0,8,8,22,False,False,False,False
f0-13,0,8,8,55,True,True,True,False
f0-14,0,8,8,56,False,True,False,False
f0-16,0,8,8,71,False,False,False,False
f0-17,0,8,8,35,False,True,False,False
f0-19,0,8,8,57,False,True,False,False
f0-20,0,8,8,38,False,True,False,False
f0-22,0,8,8,41,False,False,False,False
f0-23,0,8,8,33,False,True,False,False
f0-25,0,8,8,13,True,True,True,False
f0-26,0,8,8,60,False,True,False,False
f0-28,0,8,8,77,False,False,False,False
f0-29,0,8,8,31,True,True,True,False
f1-01,1,8,8,629,True,True,True,False
f1-02,1,8,8,477,False,False,False,False
f1-04,1,8,8,105,True,True,True,False
f1-05,1,8,8,227,False,True,False,False
f1-07,1,8,8,715,False,False,False,False
f1-08,1,8,8,410,False,False,False,False
f1-10,1,8,8,278,False,True,False,False
f1-11,1,8,8,21,True,True,True,False
f1-13,1,8,8,484,False,False,False,False
f1-14,1,8,8,1226,False,False,False,False
f1-16,1,8,8,355,False,False,False,False
f1-17,1,8,8,1208,False,False,False,False
f1-19,1,8,8,728,True,True,True,False
f1-20,1,8,8,122,False,True,False,False
f1-22,1,8,8,575,True,True,True,False
f1-23,1,8,8,288,False,False,False,False
f1-25,1,8,8,85,False,False,False,False
f1-26,1,8,8,342,False,False,False,False
f1-28,1,8,8,372,False,False,False,False
f1-29,1,8,8,772,False,False,False,False
f2-01,2,8,8,831,False,False,False,True
f2-02,2,8,8,748,False,False,False,False
f2-04,2,8,8,715,False,False,False,False
f2-05,2,8,8,744,True,True,True,False
f2-07,2,8,8,612,True,True,True,False
f2-08,2,8,8,144,False,True,False,False
f2-10,2,8,8,294,False,True,False,False
f2-11,2,8,8,1197,False,True,False,False
f2-13,2,8,8,1640,False,True,False,False
f2-14,2,8,8,762,False,False,False,False
f2-16,2,8,8,1292,False,False,False,False
f2-17,2,8,8,160,False,False,False,False
f2-19,2,8,8,330,True,True,True,False
f2-20,2,8,8,558,False,False,False,False
f2-22,2,8,8,732,False,True,False,False
f2-23,2,8,8,342,True,True,True,False
f2-25,2,8,8,130,True,True,True,False
f2-26,2,8,8,1452,False,False,False,False
f2-28,2,8,8,1961,False,False,False,False
f2-29,2,8,8,282,False,True,False,False
f3-01,3,8,8,481,True,True,False,True
f3-02,3,8,8,71,False,True,False,False
f3-04,3,8,8,107,True,True,True,False
f3-05,3,8,8,26,False,False,False,False
f3-07,3,8,8,291,False,True,False,True
f3-08,3,8,8,386,False,False,False,False
f3-10,3,8,8,376,False,False,False,False
f3-11,3,8,8,181,False,False,False,True
f3-13,3,8,8,-11,False,True,False,False
f3-14,3,8,8,372,False,False,False,False
f3-16,3,8,8,287,False,True,False,False
f3-17,3,8,8,979,False,False,False,False
f3-19,3,8,8,101,False,True,False,False
f3-20,3,8,8,541,False,False,False,True
f3-22,3,8,8,545,False,True,False,False
f3-23,3,8,8,665,False,True,False,False
f3-25,3,8,8,127,False,False,False,False
f3-26,3,8,8,74,False,False,False,False
f3-28,3,8,8,259,False,True,False,False
f3-29,3,8,8,77,False,False,False,False
f0-01,0,8,4,41,False,True,False,True
f0-02,0,8,4,55,False,False,False,False
f0-04,0,8,4,57,True,True,False,True
f0-05,0,8,4,52,False,True,False,False
f0-07,0,8,4,38,False,False,False,False
f0-08,0,8,4,40,False,False,False,True
f0-10,0,8,4,67,False,False,False,False
f0-11,0,8,4,22,False,False,False,False
f0-13,0,8,4,55,True,True,True,False
f0-14,0,8,4,56,False,True,False,False
f0-16,0,8,4,71,False,False,False,False
f0-17,0,8,4,35,False,True,False,False
f0-19,0,8,4,57,False,True,False,False
f0-20,0,8,4,38,False,True,False,False
f0-22,0,8,4,41,False,False,False,False
f0-23,0,8,4,33,False,True,False,False
f0-25,0,8,4,13,True,True,True,False
f0-26,0,8,4,60,False,True,False,False
f0-28,0,8,4,77,False,False,False,False
f0-29,0,8,4,39,False,True,True,True
f1-01,1,8,4,629,True,True,True,False
f1-02,1,8,4,477,False,False,False,False
f1-04,1,8,4,105,True,True,True,False
f1-05,1,8,4,227,False,True,False,False
f1-07,1,8,4,715,False,False,False,False
f1-08,1,8,4,435,False,False,False,True
f1-10,1,8,4,278,False,True,False,False
f1-11,1,8,4,21,True,True,True,False
f1-13,1,8,4,484,False,False,False,False
f1-14,1,8,4,1262,False,False,False,True
f1-16,1,8,4,377,False,False,False,True
f1-17,1,8,4,1242,False,False,False,True
f1-19,1,8,4,746,False,True,True,True
f1-20,1,8,4,145,True,True,False,True
f1-22,1,8,4,575,True,True,True,False
f1-23,1,8,4,312,False,False,False,True
f1-25,1,8,4,85,False,False,False,False
f1-26,1,8,4,342,False,False,False,False
f1-28,1,8,4,372,False,False,False,False
f1-29,1,8,4,804,False,False,False,True
f2-01,2,8,4,831,False,False,False,True
f2-02,2,8,4,748,False,False,False,False
f2-04,2,8,4,715,False,False,False,False
f2-05,2,8,4,744,True,True,True,False
f2-07,2,8,4,605,False,True,True,True
f2-08,2,8,4,101,False,True,False,True
f2-10,2,8,4,294,False,True,False,False
f2-11,2,8,4,1197,False,True,False,False
f2-13,2,8,4,1640,False,True,False,False
f2-14,2,8,4,762,False,False,False,False
f2-16,2,8,4,1320,False,False,False,True
f2-17,2,8,4,160,False,False,False,False
f2-19,2,8,4,324,False,True,True,True
f2-20,2,8,4,595,False,False,False,True
f2-22,2,8,4,686,False,True,False,True
f2-23,2,8,4,342,True,True,True,False
f2-25,2,8,4,130,True,True,True,False
f2-26,2,8,4,1441,False,False,False,True
f2-28,2,8,4,1961,False,False,False,False
f2-29,2,8,4,282,False,True,False,False
f3-01,3,8,4,501,False,True,False,True
f3-02,3,8,4,48,False,True,False,True
f3-04,3,8,4,107,True,True,True,False
f3-05,3,8,4,-11,False,False,False,True
f3-07,3,8,4,305,True,True,False,True
f3-08,3,8,4,439,False,False,False,True
f3-10,3,8,4,376,False,False,False,False
f3-11,3,8,4,211,False,False,False,False
f3-13,3,8,4,-11,False,True,False,False
f3-14,3,8,4,372,False,False,False,False
f3-16,3,8,4,287,False,True,False,False
f3-17,3,8,4,979,False,False,False,False
f3-19,3,8,4,101,False,True,False,False
f3-20,3,8,4,541,False,False,False,True
f3-22,3,8,4,545,False,True,False,False
f3-23,3,8,4,685,False,True,False,True
f3-25,3,8,4,127,False,False,False,False
f3-26,3,8,4,111,False,False,False,True
f3-28,3,8,4,233,False,True,False,True
f3-29,3,8,4,77,False,False,False,False
f0-01,0,16,native,40,False,True,False,False
f0-02,0,16,native,37,False,True,False,False
f0-04,0,16,native,55,False,True,False,False
f0-05,0,16,native,52,False,True,False,False
f0-07,0,16,native,37,False,True,False,False
f0-08,0,16,native,38,True,True,True,False
f0-10,0,16,native,65,False,True,False,False
f0-11,0,16,native,22,False,True,False,False
f0-13,0,16,native,55,True,True,True,False
f0-14,0,16,native,46,False,True,False,False
f0-16,0,16,native,71,False,True,False,False
f0-17,0,16,native,35,False,True,False,False
f0-19,0,16,native,57,False,True,False,False
f0-20,0,16,native,39,False,True,False,False
f0-22,0,16,native,38,False,True,False,False
f0-23,0,16,native,28,False,True,False,False
f0-25,0,16,native,13,True,True,True,False
f0-26,0,16,native,60,False,True,False,False
f0-28,0,16,native,65,True,True,True,False
f0-29,0,16,native,31,True,True,True,False
f1-01,1,16,native,629,True,True,True,False
f1-02,1,16,native,493,False,True,False,False
f1-04,1,16,native,105,True,True,True,False
f1-05,1,16,native,219,False,True,False,False
f1-07,1,16,native,715,False,True,False,False
f1-08,1,16,native,425,True,True,True,False
f1-10,1,16,native,278,False,True,False,False
f1-11,1,16,native,21,True,True,True,False
f1-13,1,16,native,484,False,True,False,False
f1-14,1,16,native,1248,True,True,True,False
f1-16,1,16,native,355,False,True,False,False
f1-17,1,16,native,1216,True,True,True,False
f1-19,1,16,native,724,False,True,False,False
f1-20,1,16,native,115,False,True,False,False
f1-22,1,16,native,575,True,True,True,False
f1-23,1,16,native,300,True,True,True,False
f1-25,1,16,native,105,True,True,True,False
f1-26,1,16,native,363,True,True,True,False
f1-28,1,16,native,396,True,True,True,False
f1-29,1,16,native,792,True,True,True,False
f2-01,2,16,native,810,True,True,True,False
f2-02,2,16,native,738,False,True,False,False
f2-04,2,16,native,715,False,True,False,False
f2-05,2,16,native,744,True,True,True,False
f2-07,2,16,native,612,True,True,True,False
f2-08,2,16,native,144,False,True,False,False
f2-10,2,16,native,294,False,True,False,False
f2-11,2,16,native,1197,False,True,False,False
f2-13,2,16,native,1640,False,True,False,False
f2-14,2,16,native,780,True,True,True,False
f2-16,2,16,native,1292,False,True,False,False
f2-17,2,16,native,161,False,True,False,False
f2-19,2,16,native,315,False,True,False,False
f2-20,2,16,native,558,False,True,False,False
f2-22,2,16,native,692,False,True,False,False
f2-23,2,16,native,315,False,True,False,False
f2-25,2,16,native,130,True,True,True,False
f2-26,2,16,native,1454,False,True,False,False
f2-28,2,16,native,1961,False,True,False,False
f2-29,2,16,native,252,False,True,False,False
f3-01,3,16,native,462,False,True,False,False
f3-02,3,16,native,61,False,True,False,False
f3-04,3,16,native,101,False,True,False,False
f3-05,3,16,native,26,False,True,False,False
f3-07,3,16,native,299,False,True,False,False
f3-08,3,16,native,397,False,True,False,False
f3-10,3,16,native,376,False,True,False,False
f3-11,3,16,native,211,False,True,False,False
f3-13,3,16,native,-11,False,True,False,False
f3-14,3,16,native,372,False,True,False,False
f3-16,3,16,native,325,False,True,False,False
f3-17,3,16,native,979,False,True,False,False
f3-19,3,16,native,101,False,True,False,False
f3-20,3,16,native,553,False,True,False,False
f3-22,3,16,native,545,False,True,False,False
f3-23,3,16,native,686,False,True,False,False
f3-25,3,16,native,133,True,True,True,False
f3-26,3,16,native,74,False,True,False,False
f3-28,3,16,native,227,False,True,False,False
f3-29,3,16,native,77,False,True,False,False
f0-01,0,16,8,40,False,True,False,False
f0-02,0,16,8,37,False,True,False,False
f0-04,0,16,8,55,False,True,False,False
f0-05,0,16,8,52,False,True,False,False
f0-07,0,16,8,37,False,True,False,False
f0-08,0,16,8,38,True,True,True,False
f0-10,0,16,8,65,False,True,False,False
f0-11,0,16,8,22,False,True,False,False
f0-13,0,16,8,55,True,True,True,False
f0-14,0,16,8,46,False,True,False,False
f0-16,0,16,8,71,False,True,False,False
f0-17,0,16,8,35,False,True,False,False
f0-19,0,16,8,57,False,True,False,False
f0-20,0,16,8,39,False,True,False,False
f0-22,0,16,8,38,False,True,False,False
f0-23,0,16,8,28,False,True,False,False
f0-25,0,16,8,13,True,True,True,False
f0-26,0,16,8,60,False,True,False,False
f0-28,0,16,8,65,True,True,True,False
f0-29,0,16,8,31,True,True,True,False
f1-01,1,16,8,629,True,True,True,False
f1-02,1,16,8,493,False,True,False,False
f1-04,1,16,8,105,True,True,True,False
f1-05,1,16,8,219,False,True,False,False
f1-07,1,16,8,715,False,True,False,False
f1-08,1,16,8,425,True,True,True,False
f1-10,1,16,8,278,False,True,False,False
f1-11,1,16,8,21,True,True,True,False
f1-13,1,16,8,484,False,True,False,False
f1-14,1,16,8,1248,True,True,True,False
f1-16,1,16,8,355,False,True,False,False
f1-17,1,16,8,1216,True,True,True,False
f1-19,1,16,8,724,False,True,False,False
f1-20,1,16,8,115,False,True,False,False
f1-22,1,16,8,575,True,True,True,False
f1-23,1,16,8,300,True,True,True,False
f1-25,1,16,8,105,True,True,True,False
f1-26,1,16,8,363,True,True,True,False
f1-28,1,16,8,396,True,True,True,False
f1-29,1,16,8,792,True,True,True,False
f2-01,2,16,8,810,True,True,True,False
f2-02,2,16,8,738,False,True,False,False
f2-04,2,16,8,711,False,True,False,True
f2-05,2,16,8,744,True,True,True,False
f2-07,2,16,8,612,True,True,True,False
f2-08,2,16,8,144,False,True,False,False
f2-10,2,16,8,294,False,True,False,False
f2-11,2,16,8,1197,False,True,False,False
f2-13,2,16,8,1640,False,True,False,False
f2-14,2,16,8,780,True,True,True,False
f2-16,2,16,8,1292,False,True,False,False
f2-17,2,16,8,161,False,True,False,False
f2-19,2,16,8,315,False,True,False,False
f2-20,2,16,8,558,False,True,False,False
f2-22,2,16,8,692,False,True,False,False
f2-23,2,16,8,315,False,True,False,False
f2-25,2,16,8,130,True,True,True,False
f2-26,2,16,8,1452,False,True,False,True
f2-28,2,16,8,1961,False,True,False,False
f2-29,2,16,8,252,False,True,False,False
f3-01,3,16,8,462,False,True,False,False
f3-02,3,16,8,61,False,True,False,False
f3-04,3,16,8,101,False,True,False,False
f3-05,3,16,8,26,False,True,False,False
f3-07,3,16,8,291,False,True,False,True
f3-08,3,16,8,397,False,True,False,False
f3-10,3,16,8,376,False,True,False,False
f3-11,3,16,8,181,False,True,False,True
f3-13,3,16,8,-11,False,True,False,False
f3-14,3,16,8,372,False,True,False,False
f3-16,3,16,8,325,False,True,False,False
f3-17,3,16,8,979,False,True,False,False
f3-19,3,16,8,101,False,True,False,False
f3-20,3,16,8,541,False,True,False,True
f3-22,3,16,8,545,False,True,False,False
f3-23,3,16,8,686,False,True,False,False
f3-25,3,16,8,133,True,True,True,False
f3-26,3,16,8,83,False,True,False,True
f3-28,3,16,8,227,False,True,False,False
f3-29,3,16,8,77,False,True,False,False
f0-01,0,16,4,41,False,True,False,True
f0-02,0,16,4,55,False,True,False,True
f0-04,0,16,4,57,True,True,False,True
f0-05,0,16,4,49,False,True,False,True
f0-07,0,16,4,37,False,True,False,False
f0-08,0,16,4,47,False,True,True,True
f0-10,0,16,4,65,False,True,False,False
f0-11,0,16,4,15,False,True,False,True
f0-13,0,16,4,55,True,True,True,False
f0-14,0,16,4,46,False,True,False,False
f0-16,0,16,4,71,False,True,False,False
f0-17,0,16,4,35,False,True,False,False
f0-19,0,16,4,57,False,True,False,False
f0-20,0,16,4,39,False,True,False,False
f0-22,0,16,4,37,False,True,False,True
f0-23,0,16,4,28,False,True,False,False
f0-25,0,16,4,13,True,True,True,False
f0-26,0,16,4,55,False,True,False,True
f0-28,0,16,4,65,True,True,True,False
f0-29,0,16,4,39,False,True,True,True
f1-01,1,16,4,647,False,True,True,True
f1-02,1,16,4,493,False,True,False,False
f1-04,1,16,4,105,True,True,True,False
f1-05,1,16,4,219,False,True,False,False
f1-07,1,16,4,715,False,True,False,False
f1-08,1,16,4,425,True,True,True,False
f1-10,1,16,4,258,False,True,False,True
f1-11,1,16,4,21,True,True,True,False
f1-13,1,16,4,492,False,True,False,True
f1-14,1,16,4,1248,True,True,True,False
f1-16,1,16,4,377,False,True,False,True
f1-17,1,16,4,1216,True,True,True,False
f1-19,1,16,4,724,False,True,False,False
f1-20,1,16,4,115,False,True,False,False
f1-22,1,16,4,585,False,True,True,True
f1-23,1,16,4,312,False,True,True,True
f1-25,1,16,4,105,True,True,True,False
f1-26,1,16,4,363,True,True,True,False
f1-28,1,16,4,372,False,True,True,True
f1-29,1,16,4,792,True,True,True,False
f2-01,2,16,4,837,False,True,True,True
f2-02,2,16,4,748,False,True,False,True
f2-04,2,16,4,715,False,True,False,False
f2-05,2,16,4,744,True,True,True,False
f2-07,2,16,4,642,False,True,True,True
f2-08,2,16,4,101,False,True,False,True
f2-10,2,16,4,294,False,True,False,False
f2-11,2,16,4,1242,False,True,False,True
f2-13,2,16,4,1640,False,True,False,False
f2-14,2,16,4,780,True,True,True,False
f2-16,2,16,4,1312,True,True,False,True
f2-17,2,16,4,161,False,True,False,False
f2-19,2,16,4,315,False,True,False,False
f2-20,2,16,4,595,False,True,False,True
f2-22,2,16,4,686,False,True,False,True
f2-23,2,16,4,315,False,True,False,False
f2-25,2,16,4,105,False,True,True,True
f2-26,2,16,4,1454,False,True,False,False
f2-28,2,16,4,1961,False,True,False,False
f2-29,2,16,4,252,False,True,False,False
f3-01,3,16,4,487,False,True,False,True
f3-02,3,16,4,48,False,True,False,True
f3-04,3,16,4,97,False,True,False,True
f3-05,3,16,4,-19,False,True,False,True
f3-07,3,16,4,315,False,True,False,True
f3-08,3,16,4,397,False,True,False,False
f3-10,3,16,4,393,False,True,False,True
f3-11,3,16,4,211,False,True,False,False
f3-13,3,16,4,-11,False,True,False,False
f3-14,3,16,4,372,False,True,False,False
f3-16,3,16,4,325,False,True,False,False
f3-17,3,16,4,979,False,True,False,False
f3-19,3,16,4,101,False,True,False,False
f3-20,3,16,4,511,False,True,False,True
f3-22,3,16,4,545,False,True,False,False
f3-23,3,16,4,696,False,True,False,True
f3-25,3,16,4,141,False,True,True,True
f3-26,3,16,4,103,True,True,False,True
f3-28,3,16,4,227,False,True,False,False
f3-29,3,16,4,77,False,True,False,False
